,sepal_length,sepal_width,petal_length,petal_width
count,50.0,50.0,50.0,50.0
mean,5.936,2.7700000000000005,4.26,1.3259999999999998
std,0.5161711470638635,0.3137983233784114,0.46991097723995806,0.197752680004544
min,4.9,2.0,3.0,1.0
25%,5.6,2.525,4.0,1.2
50%,5.9,2.8,4.35,1.3
75%,6.3,3.0,4.6,1.5
max,7.0,3.4,5.1,1.8
