,sepal_length,sepal_width,petal_length,petal_width
count,50.0,50.0,50.0,50.0
mean,5.005999999999999,3.4180000000000006,1.464,0.2439999999999999
std,0.3524896872134512,0.38102439795469095,0.1735111594364455,0.10720950308167837
min,4.3,2.3,1.0,0.1
25%,4.8,3.125,1.4,0.2
50%,5.0,3.4,1.5,0.2
75%,5.2,3.6750000000000003,1.5750000000000002,0.3
max,5.8,4.4,1.9,0.6
