,sepal_length,sepal_width,petal_length,petal_width
count,50.0,50.0,50.0,50.0
mean,6.587999999999998,2.9739999999999998,5.552,2.026
std,0.635879593274432,0.3224966381726376,0.5518946956639835,0.27465005563666733
min,4.9,2.2,4.5,1.4
25%,6.2250000000000005,2.8,5.1,1.8
50%,6.5,3.0,5.55,2.0
75%,6.9,3.1750000000000003,5.875000000000001,2.3
max,7.9,3.8,6.9,2.5
